nid,jid,Last_Name,First_Name,Middle_Name,Suffix,Birth_Month,Birth_Day,Birth_Year,Birth_City,Birth_State,Death_Month,Death_Day,Death_Year,Death_City,Death_State,Gender,Race_or_Ethnicity,Court_Type_1,Court_Name_1,Appointment_Title_1,Appointing_President_1,Party_of_Appointing_President_1,Reappointing_President_1,Party_of_Reappointing_President_1,ABA_Rating_1,Seat_ID_1,Statute_Authorizing_New_Seat_1,Recess_Appointment_Date_1,Nomination_Date_1,Committee_Referral_Date_1,Hearing_Date_1,Judiciary_Committee_Action_1,Committee_Action_Date_1,Senate_Vote_Type_1,Ayes_n_Nays_1,Confirmation_Date_1,Commission_Date_1,Service_as_Chief_Judge_Begin_1,Service_as_Chief_Judge_End_1,2nd_Service_as_Chief_Judge_Begin_1,2nd_Service_as_Chief_Judge_End_1,Senior_Status_Date_1,Termination_1,Termination_Date_1,Court_Type_2,Court_Name_2,Appointment_Title_2,Appointing_President_2,Party_of_Appointing_President_2,Reappointing_President_2,Party_of_Reappointing_President_2,ABA_Rating_2,Seat_ID_2,Statute_Authorizing_New_Seat_2,Recess_Appointment_Date_2,Nomination_Date_2,Committee_Referral_Date_2,Hearing_Date_2,Judiciary_Committee_Action_2,Committee_Action_Date_2,Senate_Vote_Type_2,Ayes_n_Nays_2,Confirmation_Date_2,Commission_Date_2,Service_as_Chief_Judge_Begin_2,Service_as_Chief_Judge_End_2,2nd_Service_as_Chief_Judge_Begin_2,2nd_Service_as_Chief_Judge_End_2,Senior_Status_Date_2,Termination_2,Termination_Date_2,Court_Type_3,Court_Name_3,Appointment_Title_3,Appointing_President_3,Party_of_Appointing_President_3,Reappointing_President_3,Party_of_Reappointing_President_3,ABA_Rating_3,Seat_ID_3,Statute_Authorizing_New_Seat_3,Recess_Appointment_Date_3,Nomination_Date_3,Committee_Referral_Date_3,Hearing_Date_3,Judiciary_Committee_Action_3,Committee_Action_Date_3,Senate_Vote_Type_3,Ayes_n_Nays_3,Confirmation_Date_3,Commission_Date_3,Service_as_Chief_Judge_Begin_3,Service_as_Chief_Judge_End_3,2nd_Service_as_Chief_Judge_Begin_3,2nd_Service_as_Chief_Judge_End_3,Senior_Status_Date_3,Termination_3,Termination_Date_3,Court_Type_4,Court_Name_4,Appointment_Title_4,Appointing_President_4,Party_of_Appointing_President_4,Reappointing_President_4,Party_of_Reappointing_President_4,ABA_Rating_4,Seat_ID_4,Statute_Authorizing_New_Seat_4,Recess_Appointment_Date_4,Nomination_Date_4,Committee_Referral_Date_4,Hearing_Date_4,Judiciary_Committee_Action_4,Committee_Action_Date_4,Senate_Vote_Type_4,Ayes_n_Nays_4,Confirmation_Date_4,Commission_Date_4,Service_as_Chief_Judge_Begin_4,Service_as_Chief_Judge_End_4,2nd_Service_as_Chief_Judge_Begin_4,2nd_Service_as_Chief_Judge_End_4,Senior_Status_Date_4,Termination_4,Termination_Date_4,Court_Type_5,Court_Name_5,Appointment_Title_5,Appointing_President_5,Party_of_Appointing_President_5,Reappointing_President_5,Party_of_Reappointing_President_5,ABA_Rating_5,Seat_ID_5,Statute_Authorizing_New_Seat_5,Recess_Appointment_Date_5,Nomination_Date_5,Committee_Referral_Date_5,Hearing_Date_5,Judiciary_Committee_Action_5,Committee_Action_Date_5,Senate_Vote_Type_5,Ayes_n_Nays_5,Confirmation_Date_5,Commission_Date_5,Service_as_Chief_Judge_Begin_5,Service_as_Chief_Judge_End_5,2nd_Service_as_Chief_Judge_Begin_5,2nd_Service_as_Chief_Judge_End_5,Senior_Status_Date_5,Termination_5,Termination_Date_5,Court_Type_6,Court_Name_6,Appointment_Title_6,Appointing_President_6,Party_of_Appointing_President_6,Reappointing_President_6,Party_of_Reappointing_President_6,ABA_Rating_6,Seat_ID_6,Statute_Authorizing_New_Seat_6,Recess_Appointment_Date_6,Nomination_Date_6,Committee_Referral_Date_6,Hearing_Date_6,Judiciary_Committee_Action_6,Committee_Action_Date_6,Senate_Vote_Type_6,Ayes_n_Nays_6,Confirmation_Date_6,Commission_Date_6,Service_as_Chief_Judge_Begin_6,Service_as_Chief_Judge_End_6,2nd_Service_as_Chief_Judge_Begin_6,2nd_Service_as_Chief_Judge_End_6,Senior_Status_Date_6,Termination_6,Termination_Date_6,Other_Federal_Judicial_Service_1,Other_Federal_Judicial_Service_2,Other_Federal_Judicial_Service_3,Other_Federal_Judicial_Service_4,School_1,Degree_1,Degree_Year_1,School_2,Degree_2,Degree_Year_2,School_3,Degree_3,Degree_Year_3,School_4,Degree_4,Degree_Year_4,School_5,Degree_5,Degree_Year_5,Professional_Career,Other_Nominations_n_Recess_Appointments,Birth_Date,Death_Date,Full_Name,Appointing_President_Num_1,Appointing_President_State_1,Court_Circuit_1,Court_Abbrev_Bluebook_1,Court_Abbrev_Website_1,Court_State_1,Vacancy_Date,Vacancy_Duration_ATSCRAPE,Seat_Code_1,Other_Nomination,Other_Rejection,Confirmation_Duration_Total,Service_Duration_1,Service_Duration_2,Appointment_Age_1,Appointment_Age_Earliest,Court_Code,Vacancy_Reason,Filings_Per_Seat_Weighted,Filings_Per_Panel_Adjusted
1391746,2982,Quarles,William,D.,Jr.,9,30,1948,Baltimore,MD,9,30,1677, , ,Male,AfriAmerican,U.S. District Court,U.S. District Court for the District of Maryland,Judge,George W. Bush,Republican,,,Well Qualified,MDD0207, ,,2003-01-07,2003-01-07,2003-02-05,Reported (favorably),2003-02-27,Roll Call, 91/0,2003-03-12,2003-03-14,,,,,,Retirement,2016-02-01,,,,,,,,,,,,,,,,,,,,,,,,,,,,,,,,,,,,,,,,,,,,,,,,,,,,,,,,,,,,,,,,,,,,,,,,,,,,,,,,,,,,,,,,,,,,,,,,,,,,,,,,,,,,,,,,,,,,,,,,,,,,,,,,,,,,,,,,,,,,Community College of Baltimore,A.A.,1967-01-01,University of Maryland,B.S.,1976-01-01,Catholic University of AmeriColumbus School of Law,J.D.,1979-01-01,,,,,,,"Law clerk, Hon. Joseph C. Howard, U.S. District Court, District of Maryland, 1979-1981; Private practice, 1981-1982; Assistant U.S. attorney, District of Maryland, 1982-1986; Private practice, Baltimore, Maryland, 1986-1996; Associate judge, Maryland Circuit Court, Baltimore City, 1996-2003","Nominated to U.S. District Court for the District of Maryland, June 2, 1992; no Senate vote; Nominated to U.S. District Court for the District of Maryland, September 12, 2002; no Senate vote",1948-09-30,1677-09-30,"William D. Quarles, Jr.",43,TX,4,D. Md.,04 - MD,MD,2016-02-01,1251 days 00:46:06.142480000,04-MD-02,"['Nominated to U.S. District Court for the District of Maryland, June 2, 1992; no Senate vote; Nominated to U.S. District Court for the District of Maryland, September 12, 2002']",[],64 days 00:00:00.000000000,4707 days 00:00:00.000000000,,54.2707926925262,54.2707926925262,04 - MD,Retired,490,0
1382481,1110,Huff,Marilyn,L., ,9,30,1951,Ann Arbor,MI,9,30,1677, , ,Female,White,U.S. District Court,U.S. District Court for the Southern District of California,Judge,George H.W. Bush,Republican,,,Well Qualified,CASD1803, ,,1991-03-12,1991-03-12,1991-04-24,Reported (favorably),1991-05-09,Voice,  ,1991-05-09,1991-05-14,1970-01-01,1970-01-01,,,2016-09-30,,,,,,,,,,,,,,,,,,,,,,,,,,,,,,,,,,,,,,,,,,,,,,,,,,,,,,,,,,,,,,,,,,,,,,,,,,,,,,,,,,,,,,,,,,,,,,,,,,,,,,,,,,,,,,,,,,,,,,,,,,,,,,,,,,,,,,,,,,,,,,Calvin College,B.A.,1972-01-01,University of Michigan Law School,J.D.,1976-01-01,,,,,,,,,,"Private practice, San Diego, California, 1976-1991",,1951-09-30,1677-09-30,Marilyn L. Huff,41,TX,9,S.D. Cal.,09 - CA-S,DE,2016-09-30,1009 days 00:46:06.142480000,09-CA-S-18,,,58 days 00:00:00.000000000,9271 days 00:00:00.000000000,,39.44776415669042,39.44776415669042,09 - CA-S,Senior,651,0
1392776,3188,Anello,Michael,M., ,9,30,1943,Miami,FL,9,30,1677, , ,Male,White,U.S. District Court,U.S. District Court for the Southern District of California,Judge,George W. Bush,Republican,,,Well Qualified,CASD2103, ,,2008-04-30,2008-04-30,2008-09-09,Reported (favorably),2008-09-25,Voice,  ,2008-09-26,2008-10-10,,,,,2018-10-31,,,,,,,,,,,,,,,,,,,,,,,,,,,,,,,,,,,,,,,,,,,,,,,,,,,,,,,,,,,,,,,,,,,,,,,,,,,,,,,,,,,,,,,,,,,,,,,,,,,,,,,,,,,,,,,,,,,,,,,,,,,,,,,,,,,,,,,,,,,,,,Bowdoin College,B.A.,1965-01-01,Georgetown University Law Center,J.D.,1968-01-01,,,,,,,,,,"U.S. Marine Corps, active duty, 1968-1972; U.S. Marine Corps Reserve, 1973-1990; Deputy city attorney, San Diego, California, 1972-1973; Private practice, San Diego, California, 1973-1998; Judge, Superior Court of California, County of San Diego, 1998-2008",,1943-09-30,1677-09-30,Michael M. Anello,43,TX,9,S.D. Cal.,09 - CA-S,DE,2018-10-31,248 days 00:46:06.142480000,09-CA-S-21,,,149 days 00:00:00.000000000,3673 days 00:00:00.000000000,,64.5844883878519,64.5844883878519,09 - CA-S,Senior,651,0
1392036,3040,Houston,John,A., ,9,30,1952,Greensboro,NC,9,30,1677, , ,Male,AfriAmerican,U.S. District Court,U.S. District Court for the Southern District of California,Judge,George W. Bush,Republican,,,Well Qualified,CASD2601,116 Stat. 1758,,2003-05-01,2003-05-01,2003-09-03,Reported (favorably),2003-09-25,Voice,  ,2003-10-02,2003-10-07,,,,,2018-02-06,,,,,,,,,,,,,,,,,,,,,,,,,,,,,,,,,,,,,,,,,,,,,,,,,,,,,,,,,,,,,,,,,,,,,,,,,,,,,,,,,,,,,,,,,,,,,,,,,,,,,,,,,,,,,,,,,,,,,,,,,,,,,,,,,,,,,,,,,,"U.S. Magistrate Judge, U.S. District Court, Southern District of California, 1998-2003",,,,North Carolina A&T State University,B.S.,1974-01-01,University of Miami School of Law,J.D.,1977-01-01,,,,,,,,,,"U.S. Army Reserve, 1974-1978, 1981-; U.S. Army, JAG Corps, 1978-1981; Assistant U.S. attorney, Southern District of California, 1981-1998; chief, Asset Forfeiture Unit, 1987-1994; senior counsel for asset forfeiture, 1994-1996; senior financial litigation counsel, 1996-1998",,1952-09-30,1677-09-30,John A. Houston,43,TX,9,S.D. Cal.,09 - CA-S,DE,2018-02-06,515 days 00:46:06.142480000,09-CA-S-26,,,154 days 00:00:00.000000000,5236 days 00:00:00.000000000,,50.58283195411268,50.58283195411268,09 - CA-S,Senior,651,0
1392166,3066,Benitez,Roger,T., ,9,30,1950,Havana,Cuba,9,30,1677, , ,Male,Hispanic,U.S. District Court,U.S. District Court for the Southern District of California,Judge,George W. Bush,Republican,,,Not Qualified,CASD2701,116 Stat. 1758,,2003-05-01,2003-05-01,2004-02-25,Reported (favorably),2004-04-01,Roll Call, 98/1,2004-06-17,2004-06-21,,,,,2017-12-31,,,,,,,,,,,,,,,,,,,,,,,,,,,,,,,,,,,,,,,,,,,,,,,,,,,,,,,,,,,,,,,,,,,,,,,,,,,,,,,,,,,,,,,,,,,,,,,,,,,,,,,,,,,,,,,,,,,,,,,,,,,,,,,,,,,,,,,,,,"U.S. Magistrate Judge, U.S. District Court for the Southern District of California, 2001-2004",,,,Imperial Valley College,A.A.,1971-01-01,San Diego State University,B.A.,1974-01-01,Western State University College of Law (now Thomas Jefferson School of Law),J.D.,1978-01-01,,,,,,,"Private practice, Imperial County, California, 1978-1997; Judge, Superior Court of California, County of Imperial, 1997-2001; Instructor, Imperial Valley College, 1998-1999",,1950-09-30,1677-09-30,Roger T. Benitez,43,TX,9,S.D. Cal.,09 - CA-S,DE,2017-12-31,552 days 00:46:06.142480000,09-CA-S-27,,,413 days 00:00:00.000000000,4941 days 00:00:00.000000000,,52.58424197622128,52.58424197622128,09 - CA-S,Senior,651,0
1385431,1703,Moskowitz,Barry,Ted, ,9,30,1950,Paterson,NJ,9,30,1677, , ,Male,White,U.S. District Court,U.S. District Court for the Southern District of California,Judge,William J. Clinton,Democratic,,,Well Qualified,CASD2201,104 Stat. 5089,,1995-06-30,1995-06-30,1995-09-28,Reported (favorably),1995-10-26,Voice,  ,1995-12-22,1995-12-26,1970-01-01,1970-01-01,,,2019-01-23,,,,,,,,,,,,,,,,,,,,,,,,,,,,,,,,,,,,,,,,,,,,,,,,,,,,,,,,,,,,,,,,,,,,,,,,,,,,,,,,,,,,,,,,,,,,,,,,,,,,,,,,,,,,,,,,,,,,,,,,,,,,,,,,,,,,,,,,,,"U.S. Magistrate, U.S. District Court for the Southern District of California, 1986-1995",,,,Rutgers University,B.A.,1972-01-01,Rutgers School of Law -- Newark,J.D.,1975-01-01,,,,,,,,,,"Law clerk, U.S. Court of Appeals for the Third Circuit, 1975-1976; Assistant U.S. attorney, District of New Jersey, 1976-1982; Private practice, Wayne, New Jersey, 1982-1985; Assistant U.S. attorney, Southern District of California, 1985-1986",,1950-09-30,1677-09-30,Barry Ted Moskowitz,42,AK,9,S.D. Cal.,09 - CA-S,DE,2019-01-23,164 days 00:46:06.142480000,09-CA-S-22,,,175 days 00:00:00.000000000,8429 days 00:00:00.000000000,,44.74835212222017,44.74835212222017,09 - CA-S,Senior,651,0
1390811,2795,Herndon,David,R., ,9,30,1953,Sedalia,MO,9,30,1677, , ,Male,White,U.S. District Court,U.S. District Court for the Southern District of Illinois,Judge,William J. Clinton,Democratic,,,Qualified,ILSD0402, ,,1998-04-23,1998-04-23,1998-07-16,Reported (favorably),1998-07-30,Voice,  ,1998-10-21,1998-10-22,1970-01-01,1970-01-01,,,,Retirement,2019-01-07,,,,,,,,,,,,,,,,,,,,,,,,,,,,,,,,,,,,,,,,,,,,,,,,,,,,,,,,,,,,,,,,,,,,,,,,,,,,,,,,,,,,,,,,,,,,,,,,,,,,,,,,,,,,,,,,,,,,,,,,,,,,,,,,,,,,,,,,,,,,Southern Illinois University Edwardsville,B.A.,1974-01-01,Southern Illinois University School of Law,J.D.,1977-01-01,,,,,,,,,,"Private practice, 1977-1991; Associate judge, Illinois Circuit Court, Third Judicial Circuit, 1991-1998",,1953-09-30,1677-09-30,David R. Herndon,42,AK,7,S.D. Ill.,07 - IL-S,IL,2019-01-07,180 days 00:46:06.142480000,07-IL-S-04,,,181 days 00:00:00.000000000,7382 days 00:00:00.000000000,,44.56217444574495,44.56217444574495,07 - IL-S,Retired,579,0
1391266,2886,Reagan,Michael,Joseph, ,9,30,1954,Albuquerque,NM,9,30,1677, , ,Male,White,U.S. District Court,U.S. District Court for the Southern District of Illinois,Judge,William J. Clinton,Democratic,,,Qualified,ILSD0601,71 Stat. 586,,2000-05-11,2000-05-11,2000-07-25,Reported (favorably),2000-07-27,Voice,  ,2000-10-03,2000-10-13,1970-01-01,1970-01-01,,,,Retirement,2019-03-31,,,,,,,,,,,,,,,,,,,,,,,,,,,,,,,,,,,,,,,,,,,,,,,,,,,,,,,,,,,,,,,,,,,,,,,,,,,,,,,,,,,,,,,,,,,,,,,,,,,,,,,,,,,,,,,,,,,,,,,,,,,,,,,,,,,,,,,,,,,,Bradley University,B.S.,1976-01-01,St. Louis University School of Law,J.D.,1980-01-01,,,,,,,,,,"Law clerk, Office of the Appellate Defender, Fifth District, Illinois, 1978; Private practice, 1979-2000; Instructor in business law, Belleville Area College, 1980-1983; Adjunct assistant professor of law, St. Louis University, 1982-1988; Assistant public defender, St. Clair County, Illinois, 1996-2000; Member, Judicial Conference of the United States, 2016-2019",,1954-09-30,1677-09-30,Michael Joseph Reagan,42,AK,7,S.D. Ill.,07 - IL-S,IL,2019-03-31,97 days 00:46:06.142480000,07-IL-S-06,,,145 days 00:00:00.000000000,6743 days 00:00:00.000000000,,45.61353073642854,45.61353073642854,07 - IL-S,Retired,579,0
1388101,2245,Sparks,Sam, , ,9,30,1939,Austin,TX,9,30,1677, , ,Male,White,U.S. District Court,U.S. District Court for the Western District of Texas,Judge,George H.W. Bush,Republican,,,Well Qualified,TXWD0801,104 Stat. 5089,,1991-10-01,1991-10-01,1991-11-14,Reported (favorably),1991-11-21,Voice,  ,1991-11-21,1991-11-25,,,,,2017-12-31,,,,,,,,,,,,,,,,,,,,,,,,,,,,,,,,,,,,,,,,,,,,,,,,,,,,,,,,,,,,,,,,,,,,,,,,,,,,,,,,,,,,,,,,,,,,,,,,,,,,,,,,,,,,,,,,,,,,,,,,,,,,,,,,,,,,,,,,,,,,,,University of Texas,B.A.,1961-01-01,University of Texas School of Law,LL.B.,1963-01-01,,,,,,,,,,"Law clerk, Hon. Homer Thornberry, U.S. District Court, Western District of Texas, 1964-1965; Private practice, El Paso, Texas, 1965-1991",,1939-09-30,1677-09-30,Sam Sparks,41,TX,5,W.D. Tex.,05 - TX-W,TX,2017-12-31,552 days 00:46:06.142480000,05-TX-W-08,,,51 days 00:00:00.000000000,9533 days 00:00:00.000000000,,52.00380569073971,52.00380569073971,05 - TX-W,Senior,755,0
1391036,2840,Brown,Anna,J., ,9,30,1952,Portland,OR,9,30,1677, , ,Female,White,U.S. District Court,U.S. District Court for the District of Oregon,Judge,William J. Clinton,Democratic,,,Qualified,ORD0207, ,,1999-04-22,1999-04-22,1999-09-14,Reported (favorably),1999-10-07,Voice,  ,1999-10-15,1999-10-26,,,,,2017-07-27,,,,,,,,,,,,,,,,,,,,,,,,,,,,,,,,,,,,,,,,,,,,,,,,,,,,,,,,,,,,,,,,,,,,,,,,,,,,,,,,,,,,,,,,,,,,,,,,,,,,,,,,,,,,,,,,,,,,,,,,,,,,,,,,,,,,,,,,,,,,,,Portland State University,B.S.,1975-01-01,Northwestern School of Law of Lewis and Clark College,J.D.,1980-01-01,,,,,,,,,,"Law clerk, Hon. John C. Beatty, Oregon Circuit Court, Multnomah County, 1978-1980; Private practice, Portland, Oregon, 1980-1992; Judge, Oregon District Court, Multnomah County, 1992-1994; Judge, Oregon Circuit Court, Multnomah County, 1994-1999",,1952-09-30,1677-09-30,Anna J. Brown,42,AK,9,D. Or.,09 - OR,OR,2017-07-27,709 days 00:46:06.142480000,09-OR-02,,,176 days 00:00:00.000000000,6484 days 00:00:00.000000000,,46.558108653839575,46.558108653839575,09 - OR,Senior,463,0
1392041,3041,Jones,Robert,Clive, ,9,30,1947,Las Vegas,NV,9,30,1677, , ,Male,White,U.S. District Court,U.S. District Court for the District of Nevada,Judge,George W. Bush,Republican,,,Well Qualified,NVD0403, ,,2003-06-09,2003-06-09,2003-09-03,Reported (favorably),2003-09-25,Voice,  ,2003-10-02,2003-11-30,1970-01-01,1970-01-01,,,2016-02-01,,,,,,,,,,,,,,,,,,,,,,,,,,,,,,,,,,,,,,,,,,,,,,,,,,,,,,,,,,,,,,,,,,,,,,,,,,,,,,,,,,,,,,,,,,,,,,,,,,,,,,,,,,,,,,,,,,,,,,,,,,,,,,,,,,,,,,,,,,"U.S. Bankruptcy Judge, District of Nevada, 1983-2003","Judge, U.S. Bankruptcy Appellate Panel  for the Ninth Circuit, 1986-1999",,,Brigham Young University,B.S.,1971-01-01,"University of California, Los Angeles, School of Law",J.D.,1975-01-01,,,,,,,,,,"U.S. Army National Guard, 1971-1972; U.S. Air National Guard, 1972-1977; Law clerk, Hon. J. Clifford Wallace, U.S. Court of Appeals for the Ninth Circuit, 1975; Private practice, 1976-1982",,1947-09-30,1677-09-30,Robert Clive Jones,43,TX,9,D. Nev.,09 - NV,NV,2016-02-01,1251 days 00:46:06.142480000,09-NV-04,,,115 days 00:00:00.000000000,4446 days 00:00:00.000000000,,55.69176642915323,55.69176642915323,09 - NV,Senior,497,0
1382451,1104,Howard,Malcolm,Jones, ,9,30,1939,Kinston,NC,9,30,1677, , ,Male,White,U.S. District Court,U.S. District Court for the Eastern District of North Carolina,Judge,Ronald Reagan,Republican,,,Qualified,NCED0501,98 Stat. 333,,1987-09-10,1987-09-10,1988-02-17,Reported (favorably),1988-02-24,Voice,  ,1988-02-25,1988-02-26,,,,,2005-12-31,,,,,,,,,,,,,,,,,,,,,,,,,,,,,,,,,,,,,,,,,,,,,,,,,,,,,,,,,,,,,,,,,,,,,,,,,,,,,,,,,,,,,,,,,,,,,,,,,,,,,,,,,,,,,,,,,,,,,,,,,,,,,,,,,,,,,,,,,,"Judge, Foreign Intelligence Surveillance Court, 2005-2012",,,,U.S. Military Academy,B.S.,1962-01-01,Wake Forest University School of Law,J.D.,1970-01-01,,,,,,,,,,"U.S. Army major, 1962-1972; Legislative counsel, secretary of the U.S. Army, 1971-1972; General counsel/marketing manager, Dixon Marketing, Inc., Kinston, North Carolina, 1972; Assistant U.S. attorney, Eastern District of North Carolina, 1973-1974; Deputy special counsel, Executive Office of the President of the United States, 1974; Private practice, Greenville, North Carolina, 1975-1988; Civilian aide, secretary of the U.S. Army for North Carolina, 1986-1988",,1939-09-30,1677-09-30,Malcolm Jones Howard,40,CA,4,E.D.N.C.,04 - NC-E,NC,2005-12-31,4935 days 00:46:06.142480000,04-NC-E-05,,,168 days 00:00:00.000000000,6518 days 00:00:00.000000000,,47.94622750638275,47.94622750638275,04 - NC-E,Senior,665,0
1387446,2113,Schell,Richard,A., ,9,30,1950,Dallas,TX,9,30,1677, , ,Male,White,U.S. District Court,U.S. District Court for the Eastern District of Texas,Judge,Ronald Reagan,Republican,,,Qualified,TXED0302, ,,1988-04-13,1988-04-13,1988-05-16,Reported (favorably),1988-05-27,Voice,  ,1988-05-27,1988-06-06,1970-01-01,1970-01-01,,,2015-03-10,,,,,,,,,,,,,,,,,,,,,,,,,,,,,,,,,,,,,,,,,,,,,,,,,,,,,,,,,,,,,,,,,,,,,,,,,,,,,,,,,,,,,,,,,,,,,,,,,,,,,,,,,,,,,,,,,,,,,,,,,,,,,,,,,,,,,,,,,,,,,,Southern Methodist University,B.A.,1972-01-01,Southern Methodist University School of Law,J.D.,1975-01-01,,,,,,,,,,"Instructor, Southern Methodist University Law School, 1975-1976; Assistant district attorney, Collin County, Texas, 1976; Private practice, McKinney, Texas, 1977-1982; Judge, Collin County [Texas] Court-at-Law, 1982-1986; Judge, Collin County [Texas] Two Hundred and Nineteenth District Court, 1986-1988; Visiting professor, Southern Methodist University Dedman School of Law, 2010-",,1950-09-30,1677-09-30,Richard A. Schell,40,CA,5,E.D. Tex.,05 - TX-E,TX,2015-03-10,1579 days 00:46:06.142480000,05-TX-E-03,,,44 days 00:00:00.000000000,9773 days 00:00:00.000000000,,37.53670506581244,37.53670506581244,05 - TX-E,Senior,581,0
1390581,2749,Story,Richard,W., ,9,30,1953,Augusta,GA,9,30,1677, , ,Male,White,U.S. District Court,U.S. District Court for the Northern District of Georgia,Judge,William J. Clinton,Democratic,,,Well Qualified,GAND0802, ,,1997-09-15,1997-09-15,1997-11-12,Reported (favorably),1997-11-13,Voice,  ,1998-01-28,1998-02-04,,,,,2018-12-01,,,,,,,,,,,,,,,,,,,,,,,,,,,,,,,,,,,,,,,,,,,,,,,,,,,,,,,,,,,,,,,,,,,,,,,,,,,,,,,,,,,,,,,,,,,,,,,,,,,,,,,,,,,,,,,,,,,,,,,,,,,,,,,,,,,,,,,,,,,,,,LaGrange College,B.A.,1975-01-01,University of Georgia School of Law,J.D.,1978-01-01,,,,,,,,,,"Private practice, Gainesville, Georgia, 1978-1986; Part-time special assistant attorney general, State of Georgia, 1980-1984; Part-time judge, Hall County [Georgia] Juvenile Court, 1985-1986; Chief judge, Superior Court of Georgia, Northeastern Judicial Circuit, 1986-1997",,1953-09-30,1677-09-30,Richard W. Story,42,AK,11,N.D. Ga.,11 - GA-N,GA,2018-12-01,217 days 00:46:06.142480000,11-GA-N-08,,,135 days 00:00:00.000000000,7605 days 00:00:00.000000000,,43.959834904207476,43.959834904207476,11 - GA-N,Senior,635,0
1391511,2935,Rose,Thomas,M., ,9,30,1948,Circleville,OH,9,30,1677, , ,Male,White,U.S. District Court,U.S. District Court for the Southern District of Ohio,Judge,George W. Bush,Republican,,,Well Qualified,OHSD0902, ,,2002-01-23,2002-01-23,2002-04-25,Reported (favorably),2002-05-02,Roll Call, 97/0,2002-05-09,2002-05-10,,,,,2017-06-30,,,,,,,,,,,,,,,,,,,,,,,,,,,,,,,,,,,,,,,,,,,,,,,,,,,,,,,,,,,,,,,,,,,,,,,,,,,,,,,,,,,,,,,,,,,,,,,,,,,,,,,,,,,,,,,,,,,,,,,,,,,,,,,,,,,,,,,,,,,,,,Ohio University,B.S.,1970-01-01,University of Cincinnati College of Law,J.D.,1973-01-01,,,,,,,,,,"U.S. Army cadet, ROTC, 1966-1970; U.S. Army Reserve, 1970-1978; Private practice, Ohio, 1973-1975, 1975-1976, 1978-1991; Assistant prosecutor, Greene County, Ohio, 1973-1975, 1978-1991; chief assistant in charge, Civil Division, 1978-1991; Chief referee, Greene County [Ohio] Court of Common Pleas, Juvenile Division, 1976-1977; Judge, Greene County [Ohio] Court of Common Pleas, 1991-2002; Member, Judicial Conference of the United States, 2007-2009",,1948-09-30,1677-09-30,Thomas M. Rose,43,TX,6,S.D. Ohio,06 - OH-S,OH,2017-06-30,736 days 00:46:06.142480000,06-OH-S-09,,,106 days 00:00:00.000000000,5530 days 00:00:00.000000000,,53.31526314708721,53.31526314708721,06 - OH-S,Senior,453,0
1387831,2191,Simandle,Jerome,B., ,9,30,1949,Binghamton,NY,9,30,1677, , ,Male,White,U.S. District Court,U.S. District Court for the District of New Jersey,Judge,George H.W. Bush,Republican,,,Well Qualified,NJD1901,104 Stat. 5089,,1992-04-01,1992-04-01,1992-05-14,Reported (favorably),1992-05-21,Voice,  ,1992-05-21,1992-05-26,1970-01-01,1970-01-01,,,2017-05-31,,,,,,,,,,,,,,,,,,,,,,,,,,,,,,,,,,,,,,,,,,,,,,,,,,,,,,,,,,,,,,,,,,,,,,,,,,,,,,,,,,,,,,,,,,,,,,,,,,,,,,,,,,,,,,,,,,,,,,,,,,,,,,,,,,,,,,,,,,"U.S. Magistrate, U.S. District Court for the District of New Jersey, 1983-1992",,,,Princeton University,B.S.E.,1971-01-01,"Stockholm University, Sweden",Diploma in Social Science,1975-01-01,University of Pennsylvania Law School,J.D.,1976-01-01,,,,,,,"Law clerk, Hon. John F. Gerry, U.S. District Court, District of New Jersey, 1976-1978; Assistant U.S. attorney, District of New Jersey, 1978-1983; attorney in charge of Trenton office, 1982-1983",,1949-09-30,1677-09-30,Jerome B. Simandle,41,TX,3,D.N.J.,03 - NJ,NJ,2017-05-31,766 days 00:46:06.142480000,03-NJ-19,,,50 days 00:00:00.000000000,9136 days 00:00:00.000000000,,42.50326837648959,42.50326837648959,03 - NJ,Senior,903,0
1391656,2964,Martini,William,J., ,9,30,1947,Passaic,NJ,9,30,1677, , ,Male,White,U.S. District Court,U.S. District Court for the District of New Jersey,Judge,George W. Bush,Republican,,,Qualified,NJD0804, ,,2002-01-23,2002-01-23,2002-09-18,Reported (favorably),2002-10-08,Voice,  ,2002-11-14,2002-11-19,,,,,2015-02-10,,,,,,,,,,,,,,,,,,,,,,,,,,,,,,,,,,,,,,,,,,,,,,,,,,,,,,,,,,,,,,,,,,,,,,,,,,,,,,,,,,,,,,,,,,,,,,,,,,,,,,,,,,,,,,,,,,,,,,,,,,,,,,,,,,,,,,,,,,,,,,Villanova University,B.A.,1968-01-01,Rutgers School of Law -- Newark,J.D.,1972-01-01,,,,,,,,,,"Law clerk, Hon. Joseph P. Hanrahan, Superior Court of New Jersey, 1972-1973; Assistant prosecutor, Hudson County, New Jersey, 1973-1974; Assistant U.S. attorney, District of New Jersey, 1974-1977; Private practice, New Jersey, 1977-1994; City councilman, Clifton, New Jersey, 1990-1994; Freeholder (elected), Passaic County, New Jersey, 1993-1995; U.S. representative from New Jersey, 1995-1997; Private practice, Newark, New Jersey, 1997-2002; Commissioner, Port Authority of New York and New Jersey, 1999-2002",,1947-09-30,1677-09-30,William J. Martini,43,TX,3,D.N.J.,03 - NJ,NJ,2015-02-10,1607 days 00:46:06.142480000,03-NJ-08,,,295 days 00:00:00.000000000,4466 days 00:00:00.000000000,,54.317337111645,54.317337111645,03 - NJ,Senior,903,0
1391726,2978,Linares,Jose,L., ,9,30,1953,Havana,Cuba,9,30,1677, , ,Male,Hispanic,U.S. District Court,U.S. District Court for the District of New Jersey,Judge,George W. Bush,Republican,,,Well Qualified,NJD1103, ,,2002-08-01,2002-08-01,2002-10-07,Reported (favorably),2002-10-08,Voice,  ,2002-11-14,2002-12-03,1970-01-01,1970-01-01,,,,Retirement,2019-05-16,,,,,,,,,,,,,,,,,,,,,,,,,,,,,,,,,,,,,,,,,,,,,,,,,,,,,,,,,,,,,,,,,,,,,,,,,,,,,,,,,,,,,,,,,,,,,,,,,,,,,,,,,,,,,,,,,,,,,,,,,,,,,,,,,,,,,,,,,,,,Jersey City State College (now Jersey City University),B.A.,1975-01-01,Temple University School of Law,J.D.,1978-01-01,,,,,,,,,,"Supervising attorney, New York City Department of Investigation, 1978-1980; Private practice, New Jersey, 1980-2000, 2019-; Judge, Superior Court of New Jersey, Essex County, 2000-2002",,1953-09-30,1677-09-30,Jose L. Linares,43,TX,3,D.N.J.,03 - NJ,NJ,2019-05-16,51 days 00:46:06.142480000,03-NJ-11,,,105 days 00:00:00.000000000,6008 days 00:00:00.000000000,,48.83604728365401,48.83604728365401,03 - NJ,Retired,903,0
1392436,3120,Sheridan,Peter,G., ,9,30,1950,Cambridge,MA,9,30,1677, , ,Male,White,U.S. District Court,U.S. District Court for the District of New Jersey,Judge,George W. Bush,Republican,,,Qualified,NJD1203, ,,2005-02-14,2005-02-14,2006-04-25,Reported (favorably),2006-05-04,Roll Call, 98/0,2006-06-08,2006-06-12,,,,,2018-06-14,,,,,,,,,,,,,,,,,,,,,,,,,,,,,,,,,,,,,,,,,,,,,,,,,,,,,,,,,,,,,,,,,,,,,,,,,,,,,,,,,,,,,,,,,,,,,,,,,,,,,,,,,,,,,,,,,,,,,,,,,,,,,,,,,,,,,,,,,,,,,,St. Peter`s College,B.S.,1972-01-01,Seton Hall University School of Law,J.D.,1977-01-01,,,,,,,,,,"Law clerk, Hon. James J. Petrella, Superior Court of New Jersey, Bergen County, 1977-1978; Attorney, Office of the New Jersey Solicitor, Port Authority of New York and New Jersey, 1978-1981; Private practice, New Jersey, 1981-1984, 1990-2006; Vice president and general counsel, Atlantic City Casino Association, 1984-1987; Director of authorities unit, Office of Gov. Thomas Kean, New Jersey, 1987-1990; Executive director, New Jersey RepubliState Committee, 1993-1994","Nominated to U.S. District Court for the District of New Jersey, November 5, 2003; no Senate vote",1950-09-30,1677-09-30,Peter G. Sheridan,43,TX,3,D.N.J.,03 - NJ,NJ,2018-06-14,387 days 00:46:06.142480000,03-NJ-12,"['Nominated to U.S. District Court for the District of New Jersey, November 5, 2003']",[],479 days 00:00:00.000000000,4385 days 00:00:00.000000000,,54.37757106579875,54.37757106579875,03 - NJ,Senior,903,0
1391721,2977,Kugler,Robert,B., ,9,30,1950,Camden,NJ,9,30,1677, , ,Male,White,U.S. District Court,U.S. District Court for the District of New Jersey,Judge,George W. Bush,Republican,,,Well Qualified,NJD1802, ,,2002-08-01,2002-08-01,2002-10-07,Reported (favorably),2002-10-08,Voice,  ,2002-11-14,2002-12-04,,,,,2018-11-02,,,,,,,,,,,,,,,,,,,,,,,,,,,,,,,,,,,,,,,,,,,,,,,,,,,,,,,,,,,,,,,,,,,,,,,,,,,,,,,,,,,,,,,,,,,,,,,,,,,,,,,,,,,,,,,,,,,,,,,,,,,,,,,,,,,,,,,,,,"U.S. Magistrate Judge, U.S. District Court for the District of New Jersey, 1992-2002","Judge, Foreign Intelligence Surveillance Court, 2017-present",,,Syracuse University,B.A.,1975-01-01,Rutgers School of Law -- Camden,J.D.,1978-01-01,,,,,,,,,,"Law clerk, Hon. John F. Gerry, U.S. District Court, District of New Jersey, 1978-1979; Assistant prosecutor, Camden County, New Jersey, 1979-1981; Deputy attorney general, State of New Jersey, 1981-1982; Private practice, New Jersey, 1982-1992",,1950-09-30,1677-09-30,Robert B. Kugler,43,TX,3,D.N.J.,03 - NJ,NJ,2018-11-02,246 days 00:46:06.142480000,03-NJ-18,,,105 days 00:00:00.000000000,5812 days 00:00:00.000000000,,51.83679336331342,51.83679336331342,03 - NJ,Senior,903,0
1391046,2842,Hochberg,Faith,S., ,9,30,1950,East Orange,NJ,9,30,1677, , ,Female,White,U.S. District Court,U.S. District Court for the District of New Jersey,Judge,William J. Clinton,Democratic,,,Well Qualified,NJD1402, ,,1999-04-22,1999-04-22,1999-10-26,Reported (favorably),1999-11-04,Voice,  ,1999-11-10,1999-11-15,,,,,,Retirement,2015-03-06,,,,,,,,,,,,,,,,,,,,,,,,,,,,,,,,,,,,,,,,,,,,,,,,,,,,,,,,,,,,,,,,,,,,,,,,,,,,,,,,,,,,,,,,,,,,,,,,,,,,,,,,,,,,,,,,,,,,,,,,,,,,,,,,,,,,,,,,,,,,Tufts University,B.A.,1972-01-01,Harvard Law School,J.D.,1975-01-01,,,,,,,,,,"Law clerk, Hon. Spottswood Robinson, U.S. Court of Appeals for the District of Columbia Circuit, 1975-1976; Special assistant to the chairman, U.S. Securities and Exchange Commission, 1976; Private practice, Newark, New Jersey, 1977-1983, 1987-1990; Assistant U.S. attorney, District of New Jersey, 1983-1987; Senior deputy chief counsel, Office of Thrift Supervison, U.S. Department of the Treasury, 1990-1993; Deputy assistant secretary for law enforcement, U.S. Department of the Treasury, 1993-1994; U.S. attorney for the District of New Jersey, 1994-1999","Nominated to U.S. District Court for the District of New Jersey, November 27, 1995; no Senate vote",1950-09-30,1677-09-30,Faith S. Hochberg,42,AK,3,D.N.J.,03 - NJ,NJ,2015-03-06,1583 days 00:46:06.142480000,03-NJ-14,"['Nominated to U.S. District Court for the District of New Jersey, November 27, 1995']",[],202 days 00:00:00.000000000,5590 days 00:00:00.000000000,,48.55951867594817,48.55951867594817,03 - NJ,Retired,903,0
1377166,39,Amon,Carol,Bagley, ,9,30,1946,Richmond,VA,9,30,1677, , ,Female,White,U.S. District Court,U.S. District Court for the Eastern District of New York,Judge,George H.W. Bush,Republican,,,Well Qualified,NYED0902, ,,1990-05-18,1990-05-21,1990-07-19,Reported (favorably),1990-07-26,Voice,  ,1990-08-03,1990-08-07,1970-01-01,1970-01-01,,,2016-11-30,,,,,,,,,,,,,,,,,,,,,,,,,,,,,,,,,,,,,,,,,,,,,,,,,,,,,,,,,,,,,,,,,,,,,,,,,,,,,,,,,,,,,,,,,,,,,,,,,,,,,,,,,,,,,,,,,,,,,,,,,,,,,,,,,,,,,,,,,,"U.S. Magistrate, U.S. District Court for the Eastern District of New York, 1986-1990",,,,College of William and Mary,B.S.,1968-01-01,University of Virginia School of Law,J.D.,1971-01-01,,,,,,,,,,"Staff attorney, Communications Satellite Corporation, Washington, D.C., 1971-1973; Trial attorney, Narcotics Task Force, U.S. Department of Justice, 1973-1974; Assistant U.S. Attorney, Eastern District of New York, 1974-1986; chief of frauds, 1978-1980; chief of general crimes, 1981-1982; senior litigation counsel, 1984-1986; Member, Judicial Conference of the United States, 2011-2013",,1946-09-30,1677-09-30,Carol Bagley Amon,41,TX,2,E.D.N.Y.,02 - NY-E,NY,2016-11-30,948 days 00:46:06.142480000,02-NY-E-09,,,77 days 00:00:00.000000000,9612 days 00:00:00.000000000,,43.631286063368854,43.631286063368854,02 - NY-E,Senior,559,0
1392331,3099,Vitaliano,Eric,Nicholas, ,9,30,1948,Staten Island,NY,9,30,1677, , ,Male,White,U.S. District Court,U.S. District Court for the Eastern District of New York,Judge,George W. Bush,Republican,,,Qualified,NYED0109, ,,2005-10-06,2005-10-06,2005-11-01,Reported (favorably),2005-11-17,Voice,  ,2005-12-21,2006-01-19,,,,,2017-02-28,,,,,,,,,,,,,,,,,,,,,,,,,,,,,,,,,,,,,,,,,,,,,,,,,,,,,,,,,,,,,,,,,,,,,,,,,,,,,,,,,,,,,,,,,,,,,,,,,,,,,,,,,,,,,,,,,,,,,,,,,,,,,,,,,,,,,,,,,,,,,,Fordham College,B.A.,1968-01-01,New York University School of Law,J.D.,1971-01-01,,,,,,,,,,"Law clerk, Hon. Mark A. Costantino, U.S. District Court, Eastern District of New York, 1971-1972; Private practice, New York, 1972-1979, 1981-1985, 1999-2001; Chief of staff, U.S. Rep. John M. Murphy ofNew York, 1979-1981; State assemblyman, New York, 1983-2002; Judge, Civil Court of the City of New York, 2002-2005",,1948-09-30,1677-09-30,Eric Nicholas Vitaliano,43,TX,2,E.D.N.Y.,02 - NY-E,NY,2017-02-28,858 days 00:46:06.142480000,02-NY-E-01,,,76 days 00:00:00.000000000,4058 days 00:00:00.000000000,,57.01691342053567,57.01691342053567,02 - NY-E,Senior,559,0
1391966,3026,Feuerstein,Sandra,J., ,9,30,1946,New York,NY,9,30,1677, , ,Female,White,U.S. District Court,U.S. District Court for the Eastern District of New York,Judge,George W. Bush,Republican,,,Well Qualified,NYED0803, ,,2003-01-07,2003-01-07,2003-07-22,Reported (favorably),2003-07-31,Roll Call, 92/0,2003-09-17,2003-09-22,,,,,2015-01-21,,,,,,,,,,,,,,,,,,,,,,,,,,,,,,,,,,,,,,,,,,,,,,,,,,,,,,,,,,,,,,,,,,,,,,,,,,,,,,,,,,,,,,,,,,,,,,,,,,,,,,,,,,,,,,,,,,,,,,,,,,,,,,,,,,,,,,,,,,,,,,University of Vermont,B.S.,1966-01-01,"Yeshiva University, Benjamin N. Cardozo School of Law",J.D.,1979-01-01,,,,,,,,,,"Teacher, New York Public School System, 1966-1971; Law clerk, Supreme Court of the State of New York, Law Department, 1980-1985; Law clerk, Hon. Leo H. McGinity, Supreme Court of the State of New York, Appellate Division, 1985-1987; Judge, Nassau County [New York] District Court, 1987-1994; Justice, Supreme Court of the State of New York, Tenth Judicial District, 1994-1999; Associate justice, Supreme Court of the State of New York, Appellate Division, Second Judicial Department, 1999-2003","Nominated to U.S. District Court for the Eastern District of New York, July 25, 2002; no Senate vote",1946-09-30,1677-09-30,Sandra J. Feuerstein,43,TX,2,E.D.N.Y.,02 - NY-E,NY,2015-01-21,1627 days 00:46:06.142480000,02-NY-E-08,"['Nominated to U.S. District Court for the Eastern District of New York, July 25, 2002']",[],253 days 00:00:00.000000000,4139 days 00:00:00.000000000,,56.272202714634794,56.272202714634794,02 - NY-E,Senior,559,0
1381281,867,Gleeson,John, , ,9,30,1953,Bronx,NY,9,30,1677, , ,Male,White,U.S. District Court,U.S. District Court for the Eastern District of New York,Judge,William J. Clinton,Democratic,,,Well Qualified,NYED0206, ,,1994-07-22,1994-07-22,1994-08-25,Reported (favorably),1994-09-22,Voice,  ,1994-09-28,1994-09-29,,,,,,Resignation,2016-03-09,,,,,,,,,,,,,,,,,,,,,,,,,,,,,,,,,,,,,,,,,,,,,,,,,,,,,,,,,,,,,,,,,,,,,,,,,,,,,,,,,,,,,,,,,,,,,,,,,,,,,,,,,,,,,,,,,,,,,,,,,,,,,,,,,,,,,,,,,,,,Georgetown University,B.A.,1975-01-01,University of Virginia School of Law,J.D.,1980-01-01,,,,,,,,,,"Law clerk, Hon. Boyce Martin, U.S. Court of Appeals for the Sixth Circuit, 1980-1981; Private practice, New York City, 1981-1985, 2016-; Assistant U.S. attorney, Eastern District of New York, 1985-1994",,1953-09-30,1677-09-30,John Gleeson,42,AK,2,E.D.N.Y.,02 - NY-E,NY,2016-03-09,1214 days 00:46:06.142480000,02-NY-E-02,,,68 days 00:00:00.000000000,7832 days 00:00:00.000000000,,40.80850393916371,40.80850393916371,02 - NY-E,Resigned,559,0
1390251,2680,Zagel,James,Block, ,9,30,1941,Chicago,IL,9,30,1677, , ,Male,White,U.S. District Court,U.S. District Court for the Northern District of Illinois,Judge,Ronald Reagan,Republican,,,Qualified,ILND1302, ,,1987-02-02,1987-02-02,1987-03-11,Reported (favorably),1987-04-08,Voice,  ,1987-04-21,1987-04-22,,,,,2016-10-21,,,,,,,,,,,,,,,,,,,,,,,,,,,,,,,,,,,,,,,,,,,,,,,,,,,,,,,,,,,,,,,,,,,,,,,,,,,,,,,,,,,,,,,,,,,,,,,,,,,,,,,,,,,,,,,,,,,,,,,,,,,,,,,,,,,,,,,,,,"Judge, Foreign Intelligence Surveillance Court, 2008-2015",,,,University of Chicago,B.A.,1962-01-01,University of Chicago,M.A.,1962-01-01,Harvard Law School,J.D.,1965-01-01,,,,,,,"Assistant state's attorney, Cook County, Illinois, 1965-1969; Assistant attorney general, State of Illinois, 1969-1977; deputy chief, Criminal Justice Division, 1969-1970; chief, Criminal Justice Division, 1970-1977; Chief prosecutor, Illinois Judicial Inquiry Board, 1973-1975; Chief assistant attorney general, State of Arizona (on leave from Illinois), 1975; Executive director, Illinois Law Enforcement Commision, 1977-1979; Director, Illinois Department of Revenue, 1979-1980; Chairman, Illinois Governor's Advisory Counsel on Criminal Justice Legislation, 1980-1987; Director, Illinois State Police, 1980-1987",,1941-09-30,1677-09-30,James Block Zagel,40,CA,7,N.D. Ill.,07 - IL-N,IL,2016-10-21,988 days 00:46:06.142480000,07-IL-N-13,,,78 days 00:00:00.000000000,10775 days 00:00:00.000000000,,45.34247794273667,45.34247794273667,07 - IL-N,Senior,446,0
1391241,2881,Darrah,John,W., ,12,11,1938,Chicago,IL,3,23,2017, , ,Male,White,U.S. District Court,U.S. District Court for the Northern District of Illinois,Judge,William J. Clinton,Democratic,,,Qualified,ILND1703, ,,2000-05-11,2000-05-11,2000-06-15,Reported (favorably),2000-06-27,Voice,  ,2000-06-30,2000-07-14,,,,,2017-03-01,Death,2017-03-23,,,,,,,,,,,,,,,,,,,,,,,,,,,,,,,,,,,,,,,,,,,,,,,,,,,,,,,,,,,,,,,,,,,,,,,,,,,,,,,,,,,,,,,,,,,,,,,,,,,,,,,,,,,,,,,,,,,,,,,,,,,,,,,,,,,,,,,,,,,,Loyola University Chicago,B.S.,1965-01-01,Loyola University Chicago School of Law,J.D.,1969-01-01,,,,,,,,,,"Attorney advisor, Federal Trade Commission, 1969-1971; Deputy public defender, DuPage County, Illinois, 1971-1973; Private practice, Illinois, 1971-1973, 1976-1986; Adjunct professor, Northern Illinois University College of Law, 1972-; Assistant state's attorney, Illinois, 1973-1976; Judge, Illinois Circuit Court, Eighteenth Judicial Circuit, 1986-2000",,1938-12-11,2017-03-23,John W. Darrah,42,AK,7,N.D. Ill.,07 - IL-N,IL,2017-03-23,835 days 00:46:06.142480000,07-IL-N-17,,,50 days 00:00:00.000000000,6096 days 00:00:00.000000000,,61.416729980766206,61.416729980766206,07 - IL-N,Senior,446,0
1386581,1936,Preska,Loretta,A., ,9,30,1949,Albany,NY,9,30,1677, , ,Female,White,U.S. District Court,U.S. District Court for the Southern District of New York,Judge,George H.W. Bush,Republican,,,Well Qualified,NYSD0111, ,,1992-03-31,1992-03-31,1992-06-04,Reported (favorably),1992-06-11,Voice,  ,1992-08-11,1992-08-12,1970-01-01,1970-01-01,,,2017-03-01,,,,,,,,,,,,,,,,,,,,,,,,,,,,,,,,,,,,,,,,,,,,,,,,,,,,,,,,,,,,,,,,,,,,,,,,,,,,,,,,,,,,,,,,,,,,,,,,,,,,,,,,,,,,,,,,,,,,,,,,,,,,,,,,,,,,,,,,,,,,,,College of St. Rose,B.A.,1970-01-01,Fordham University School of Law,J.D.,1973-01-01,New York University School of Law,LL.M.,1978-01-01,,,,,,,"Private practice, New York City, 1973-1992; Board member, Federal Judicial Center, 2008-2012","Nominated to U.S. Court of Appeals for the Second Circuit, September 9, 2008; no Senate vote",1949-09-30,1677-09-30,Loretta A. Preska,41,TX,2,S.D.N.Y.,02 - NY-S,NY,2017-03-01,857 days 00:46:06.142480000,02-NY-S-01,"['Nominated to U.S. Court of Appeals for the Second Circuit, September 9, 2008']",[],133 days 00:00:00.000000000,8967 days 00:00:00.000000000,,42.500530469482605,42.500530469482605,02 - NY-S,Senior,575,0
1391981,3029,Castel,P.,Kevin, ,9,30,1950,Jamaica,NY,9,30,1677, , ,Male,White,U.S. District Court,U.S. District Court for the Southern District of New York,Judge,George W. Bush,Republican,,,Well Qualified,NYSD1804, ,,2003-03-05,2003-03-05,2003-07-22,Reported (favorably),2003-07-31,Voice,  ,2003-09-17,2003-09-22,,,,,2017-08-05,,,,,,,,,,,,,,,,,,,,,,,,,,,,,,,,,,,,,,,,,,,,,,,,,,,,,,,,,,,,,,,,,,,,,,,,,,,,,,,,,,,,,,,,,,,,,,,,,,,,,,,,,,,,,,,,,,,,,,,,,,,,,,,,,,,,,,,,,,,,,,St. John`s University,B.S.,1972-01-01,St. John`s University School of Law,J.D.,1975-01-01,,,,,,,,,,"Law clerk, Hon. Kevin Thomas Duffy, U.S. District Court, Southern District of New York, 1975-1977; Private practice, New York City, 1977-2003",,1950-09-30,1677-09-30,P. Kevin Castel,43,TX,2,S.D.N.Y.,02 - NY-S,NY,2017-08-05,700 days 00:46:06.142480000,02-NY-S-18,,,196 days 00:00:00.000000000,5066 days 00:00:00.000000000,,52.42818127682293,52.42818127682293,02 - NY-S,Senior,575,0
1392251,3083,Crotty,Paul,Austin, ,9,30,1941,Buffalo,NY,9,30,1677, , ,Male,White,U.S. District Court,U.S. District Court for the Southern District of New York,Judge,George W. Bush,Republican,,,Well Qualified,NYSD2504, ,,2005-02-14,2005-02-14,2005-03-17,Reported (favorably),2005-03-17,Roll Call, 95/0,2005-04-11,2005-04-15,,,,,2015-08-01,,,,,,,,,,,,,,,,,,,,,,,,,,,,,,,,,,,,,,,,,,,,,,,,,,,,,,,,,,,,,,,,,,,,,,,,,,,,,,,,,,,,,,,,,,,,,,,,,,,,,,,,,,,,,,,,,,,,,,,,,,,,,,,,,,,,,,,,,,,,,,University of Notre Dame,B.A.,1962-01-01,Cornell Law School,LL.B.,1967-01-01,,,,,,,,,,"U.S. Naval Reserve, 1962-1968; Law clerk, Hon. Lloyd F. MacMahon, U.S. District Court, Southern District of New York, 1967-1969; Private practice, New York City, 1969-1984, 1988-1993; Office of Financial Services, New York City, 1984-1988; commissioner, 1984; commissioner of finance, 1984-1986; commissioner of housing preservation and development, 1986-1988; Corporation counsel, New York City, 1994-1997; Group president, Verizon Communications, New York and Connecticut region, 1997-2005","Nominated to U.S. District Court for the Southern District of New York, September 7, 2004; no Senate vote",1941-09-30,1677-09-30,Paul Austin Crotty,43,TX,2,S.D.N.Y.,02 - NY-S,NY,2015-08-01,1435 days 00:46:06.142480000,02-NY-S-25,"['Nominated to U.S. District Court for the Southern District of New York, September 7, 2004']",[],56 days 00:00:00.000000000,3760 days 00:00:00.000000000,,63.377071397769974,63.377071397769974,02 - NY-S,Senior,575,0
1381836,980,Harmon,Melinda, , ,9,30,1946,Port Arthur,TX,9,30,1677, , ,Female,White,U.S. District Court,U.S. District Court for the Southern District of Texas,Judge,George H.W. Bush,Republican,,,Qualified,TXSD0602, ,,1989-02-28,1989-02-28,1989-04-05,Reported (favorably),1989-05-18,Voice,  ,1989-05-18,1989-05-22,,,,,2018-03-31,,,,,,,,,,,,,,,,,,,,,,,,,,,,,,,,,,,,,,,,,,,,,,,,,,,,,,,,,,,,,,,,,,,,,,,,,,,,,,,,,,,,,,,,,,,,,,,,,,,,,,,,,,,,,,,,,,,,,,,,,,,,,,,,,,,,,,,,,,,,,,Radcliffe College,A.B.,1969-01-01,University of Texas School of Law,J.D.,1972-01-01,,,,,,,,,,"Law clerk, Hon. John V. Singleton, Jr., U.S. District Court, Southern District of Texas, 1973-1975; Trial attorney, Litigation Section, Exxon Corporation, Houston, Texas, 1975-1988; Judge, Harris County [Texas] Two Hundred and Eightieth District Court, Civil Division, 1988-1989","Nominated to U.S. District Court for the Southern District of Texas, June 23, 1988; no Senate vote",1946-09-30,1677-09-30,Melinda Harmon,41,TX,5,S.D. Tex.,05 - TX-S,TX,2018-03-31,462 days 00:46:06.142480000,05-TX-S-06,"['Nominated to U.S. District Court for the Southern District of Texas, June 23, 1988']",[],79 days 00:00:00.000000000,10540 days 00:00:00.000000000,,42.41565535226596,42.41565535226596,05 - TX-S,Senior,620,0
1392376,3108,Miller,Gray,Hampton, ,9,30,1948,Houston,TX,9,30,1677, , ,Male,White,U.S. District Court,U.S. District Court for the Southern District of Texas,Judge,George W. Bush,Republican,,,Well Qualified,TXSD1402, ,,2006-01-25,2006-01-25,2006-03-14,Reported (favorably),2006-03-30,Roll Call, 93/0,2006-04-25,2006-04-25,,,,,2018-12-09,,,,,,,,,,,,,,,,,,,,,,,,,,,,,,,,,,,,,,,,,,,,,,,,,,,,,,,,,,,,,,,,,,,,,,,,,,,,,,,,,,,,,,,,,,,,,,,,,,,,,,,,,,,,,,,,,,,,,,,,,,,,,,,,,,,,,,,,,,,,,,University of Houston,B.A.,1974-01-01,University of Houston Law Center,J.D.,1978-01-01,,,,,,,,,,"Private practice, Houston, Texas, 1978-2006",,1948-09-30,1677-09-30,Gray Hampton Miller,43,TX,5,S.D. Tex.,05 - TX-S,TX,2018-12-09,209 days 00:46:06.142480000,05-TX-S-14,,,90 days 00:00:00.000000000,4611 days 00:00:00.000000000,,57.3208210983114,57.3208210983114,05 - TX-S,Senior,620,0
1382886,1191,Jolly,E.,Grady, ,9,30,1937,Louisville,MS,9,30,1677, , ,Male,White,U.S. Court of Appeals,U.S. Court of Appeals for the Fifth Circuit,Judge,Ronald Reagan,Republican,,,Qualified,CA50207, ,,1982-07-01,1982-07-01,1982-07-14,Reported (favorably),1982-07-26,Voice,  ,1982-07-27,1982-07-30,,,,,2017-10-03,,,,,,,,,,,,,,,,,,,,,,,,,,,,,,,,,,,,,,,,,,,,,,,,,,,,,,,,,,,,,,,,,,,,,,,,,,,,,,,,,,,,,,,,,,,,,,,,,,,,,,,,,,,,,,,,,,,,,,,,,,,,,,,,,,,,,,,,,,,,,,University of Mississippi,B.A.,1959-01-01,University of Mississippi School of Law,LL.B.,1962-01-01,,,,,,,,,,"Trial attorney, National Labor Relations Board, Winston-Salem, North Carolina, 1962-1964; Assistant U.S. attorney, Northern District of Mississippi, 1964-1967; Trial attorney, Tax Division, U.S. Department of Justice, 1967-1969; Private practice, Jackson, Mississippi, 1969-1982",,1937-09-30,1677-09-30,E. Grady Jolly,40,CA,5,5th Cir.,05 - CCA,,2017-10-03,641 days 00:46:06.142480000,05-CCA-02,,,26 days 00:00:00.000000000,12849 days 00:00:00.000000000,,44.75109002922716,44.75109002922716,05 - CCA,Senior,0,905
1392126,3058,Herrera,Judith,C., ,9,30,1954,Chicago,IL,9,30,1677, , ,Female,Hispanic,U.S. District Court,U.S. District Court for the District of New Mexico,Judge,George W. Bush,Republican,,,Well Qualified,NMD0304, ,,2003-09-23,2003-09-23,2003-11-12,Reported (favorably),2004-03-04,Roll Call, 93/0,2004-06-03,2004-06-13,,,,,2019-07-01,,,,,,,,,,,,,,,,,,,,,,,,,,,,,,,,,,,,,,,,,,,,,,,,,,,,,,,,,,,,,,,,,,,,,,,,,,,,,,,,,,,,,,,,,,,,,,,,,,,,,,,,,,,,,,,,,,,,,,,,,,,,,,,,,,,,,,,,,,,,,,University of New Mexico,B.A.,1976-01-01,Georgetown University Law Center,J.D.,1979-01-01,,,,,,,,,,"Assistant district attorney, Santa Fe, New Mexico, 1979-1980; Private practice, Santa Fe, New Mexico, 1980-2004; City councilwoman, Santa Fe, New Mexico, 1981-1986",,1954-09-30,1677-09-30,Judith C. Herrera,43,TX,10,D.N.M.,10 - NM,NM,2019-07-01,5 days 00:46:06.142480000,10-NM-03,,,254 days 00:00:00.000000000,5496 days 00:00:00.000000000,,48.9811563550244,48.9811563550244,10 - NM,Senior,536,0
1391326,2898,Armijo,M.,Christina, ,9,30,1951,Las Vegas,NM,9,30,1677, , ,Female,Hispanic,U.S. District Court,U.S. District Court for the District of New Mexico,Judge,George W. Bush,Republican,,,Qualified,NMD0701,114 Stat. 2762,,2001-09-04,2001-09-04,2001-10-18,Reported (favorably),2001-11-01,Roll Call, 100/0,2001-11-06,2001-11-12,1970-01-01,1970-01-01,,,2018-02-07,,,,,,,,,,,,,,,,,,,,,,,,,,,,,,,,,,,,,,,,,,,,,,,,,,,,,,,,,,,,,,,,,,,,,,,,,,,,,,,,,,,,,,,,,,,,,,,,,,,,,,,,,,,,,,,,,,,,,,,,,,,,,,,,,,,,,,,,,,,,,,University of New Mexico,B.A.,1972-01-01,University of New Mexico School of Law,J.D.,1975-01-01,,,,,,,,,,"Staff attorney, Sandoval County [New Mexico] Legal Services, 1976-1978; Private practice, New Mexico, 1978-1996; Judge, New Mexico Court of Appeals, 1996-2001","Nominated to U.S. District Court for the District of New Mexico, August 2, 2001; no Senate vote",1951-09-30,1677-09-30,M. Christina Armijo,43,TX,10,D.N.M.,10 - NM,NM,2018-02-07,514 days 00:46:06.142480000,10-NM-07,"['Nominated to U.S. District Court for the District of New Mexico, August 2, 2001']",[],63 days 00:00:00.000000000,5931 days 00:00:00.000000000,,49.93121008644941,49.93121008644941,10 - NM,Senior,536,0
1391896,3012,Brack,Robert,C., ,9,30,1953,Lynwood,CA,9,30,1677, , ,Male,White,U.S. District Court,U.S. District Court for the District of New Mexico,Judge,George W. Bush,Republican,,,Well Qualified,NMD0801,116 Stat. 1758,,2003-04-28,2003-04-28,2003-06-25,Reported (favorably),2003-07-10,Voice,  ,2003-07-14,2003-07-15,,,,,2018-07-25,,,,,,,,,,,,,,,,,,,,,,,,,,,,,,,,,,,,,,,,,,,,,,,,,,,,,,,,,,,,,,,,,,,,,,,,,,,,,,,,,,,,,,,,,,,,,,,,,,,,,,,,,,,,,,,,,,,,,,,,,,,,,,,,,,,,,,,,,,,,,,Eastern New Mexico University,B.A.,1975-01-01,University of New Mexico School of Law,J.D.,1978-01-01,,,,,,,,,,"Private practice, New Mexico, 1978-1997; Judge, New Mexico District Court, Ninth Judicial District, 1997-2003",,1953-09-30,1677-09-30,Robert C. Brack,43,TX,10,D.N.M.,10 - NM,NM,2018-07-25,346 days 00:46:06.142480000,10-NM-08,,,77 days 00:00:00.000000000,5489 days 00:00:00.000000000,,49.575282175540906,49.575282175540906,10 - NM,Senior,536,0
1384506,1518,McBryde,John,H., ,9,30,1931,Jackson,MS,9,30,1677, , ,Male,White,U.S. District Court,U.S. District Court for the Northern District of Texas,Judge,George H.W. Bush,Republican,,,Well Qualified,TXND0404, ,,1990-05-11,1990-05-11,1990-07-16,Reported (favorably),1990-07-26,Voice,  ,1990-08-03,1990-08-07,,,,,2018-10-09,,,,,,,,,,,,,,,,,,,,,,,,,,,,,,,,,,,,,,,,,,,,,,,,,,,,,,,,,,,,,,,,,,,,,,,,,,,,,,,,,,,,,,,,,,,,,,,,,,,,,,,,,,,,,,,,,,,,,,,,,,,,,,,,,,,,,,,,,,,,,,Texas Christian University,B.S.,1953-01-01,University of Texas School of Law,LL.B.,1956-01-01,,,,,,,,,,"Private practice, Fort Worth, Texas, 1956-1990",,1931-09-30,1677-09-30,John H. McBryde,41,TX,5,N.D. Tex.,05 - TX-N,TX,2018-10-09,270 days 00:46:06.142480000,05-TX-N-04,,,84 days 00:00:00.000000000,10290 days 00:00:00.000000000,,58.61311320560997,58.61311320560997,05 - TX-N,Senior,584,0
1384951,1607,Means,Terry,R., ,9,30,1948,Roswell,NM,9,30,1677, , ,Male,White,U.S. District Court,U.S. District Court for the Northern District of Texas,Judge,George H.W. Bush,Republican,,,Qualified,TXND0802, ,,1991-07-24,1991-07-24,1991-10-02,Reported (favorably),1991-10-31,Voice,  ,1991-10-31,1991-11-05,,,,,2013-07-03,,,,,,,,,,,,,,,,,,,,,,,,,,,,,,,,,,,,,,,,,,,,,,,,,,,,,,,,,,,,,,,,,,,,,,,,,,,,,,,,,,,,,,,,,,,,,,,,,,,,,,,,,,,,,,,,,,,,,,,,,,,,,,,,,,,,,,,,,,,,,,Southern Methodist University,B.A.,1971-01-01,Southern Methodist University School of Law,J.D.,1974-01-01,,,,,,,,,,"Private practice, Corsicana, Texas, 1974-1989; Justice, Tenth Court of Appeals of Texas, 1989-1991",,1948-09-30,1677-09-30,Terry R. Means,41,TX,5,N.D. Tex.,05 - TX-N,TX,2013-07-03,2194 days 00:46:06.142480000,05-TX-N-08,,,99 days 00:00:00.000000000,7911 days 00:00:00.000000000,,42.812651868279296,42.812651868279296,05 - TX-N,Senior,584,0
1379661,541,Cummings,Samuel,Ray, ,9,30,1944,Lubbock,TX,9,30,1677, , ,Male,White,U.S. District Court,U.S. District Court for the Northern District of Texas,Judge,Ronald Reagan,Republican,,,Qualified,TXND0304, ,,1987-07-31,1987-07-31,1987-11-13,Reported (favorably),1987-12-03,Voice,  ,1987-12-08,1987-12-09,,,,,2014-12-31,,,,,,,,,,,,,,,,,,,,,,,,,,,,,,,,,,,,,,,,,,,,,,,,,,,,,,,,,,,,,,,,,,,,,,,,,,,,,,,,,,,,,,,,,,,,,,,,,,,,,,,,,,,,,,,,,,,,,,,,,,,,,,,,,,,,,,,,,,,,,,Texas TechniCollege (now Texas Tech University),B.B.A.,1967-01-01,Baylor University School of Law,J.D.,1970-01-01,,,,,,,,,,"Private practice, Amarillo, Texas, 1970-1987",,1944-09-30,1677-09-30,Samuel Ray Cummings,40,CA,5,N.D. Tex.,05 - TX-N,TX,2014-12-31,1648 days 00:46:06.142480000,05-TX-N-03,,,130 days 00:00:00.000000000,9884 days 00:00:00.000000000,,42.831817217328215,42.831817217328215,05 - TX-N,Senior,584,0
1380776,765,Fitzwater,Sidney,Allen, ,9,30,1953,Olney,MD,9,30,1677, , ,Male,White,U.S. District Court,U.S. District Court for the Northern District of Texas,Judge,Ronald Reagan,Republican,,,Qualified,TXND0702, ,,1986-01-29,1986-01-29,1986-02-05,Reported (favorably),1986-02-27,Roll Call, 52/42,1986-03-18,1986-03-19,1970-01-01,1970-01-01,,,2018-09-22,,,,,,,,,,,,,,,,,,,,,,,,,,,,,,,,,,,,,,,,,,,,,,,,,,,,,,,,,,,,,,,,,,,,,,,,,,,,,,,,,,,,,,,,,,,,,,,,,,,,,,,,,,,,,,,,,,,,,,,,,,,,,,,,,,,,,,,,,,,,,,Baylor University,B.A.,1975-01-01,Baylor University School of Law,J.D.,1976-01-01,,,,,,,,,,"Private practice, Houston, Texas, 1976-1978; Private practice, Dallas, Texas, 1978-1982; Judge, Texas District Court, Two Hundred and Ninety-Eighth Judicial District, 1982-1986","Nominated to U.S. District Court for the Northern District of Texas, October 29, 1985; no Senate vote; Nominated to U.S. Court of Appeals for the Fifth Circuit, January 27, 1992; no Senate vote",1953-09-30,1677-09-30,Sidney Allen Fitzwater,40,CA,5,N.D. Tex.,05 - TX-N,TX,2018-09-22,287 days 00:46:06.142480000,05-TX-N-07,"['Nominated to U.S. District Court for the Northern District of Texas, October 29, 1985; no Senate vote; Nominated to U.S. Court of Appeals for the Fifth Circuit, January 27, 1992']",[],48 days 00:00:00.000000000,11875 days 00:00:00.000000000,,32.331943845527285,32.331943845527285,05 - TX-N,Senior,584,0
1392161,3065,Robart,James,L., ,9,30,1947,Seattle,WA,9,30,1677, , ,Male,White,U.S. District Court,U.S. District Court for the Western District of Washington,Judge,George W. Bush,Republican,,,Well Qualified,WAWD0305, ,,2003-12-09,2003-12-09,2004-02-11,Reported (favorably),2004-03-11,Roll Call, 99/0,2004-06-17,2004-06-21,,,,,2016-06-28,,,,,,,,,,,,,,,,,,,,,,,,,,,,,,,,,,,,,,,,,,,,,,,,,,,,,,,,,,,,,,,,,,,,,,,,,,,,,,,,,,,,,,,,,,,,,,,,,,,,,,,,,,,,,,,,,,,,,,,,,,,,,,,,,,,,,,,,,,,,,,Whitman College,B.A.,1969-01-01,Georgetown University Law Center,J.D.,1973-01-01,,,,,,,,,,"Private practice, Seattle, Washington, 1973-2004",,1947-09-30,1677-09-30,James L. Robart,43,TX,9,W.D. Wash.,09 - WA-W,WA,2016-06-28,1103 days 00:46:06.142480000,09-WA-W-03,,,191 days 00:00:00.000000000,4390 days 00:00:00.000000000,,56.19280341143213,56.19280341143213,09 - WA-W,Senior,485,0
1391661,2965,Leighton,Ronald,B., ,9,30,1951,Stockton,CA,9,30,1677, , ,Male,White,U.S. District Court,U.S. District Court for the Western District of Washington,Judge,George W. Bush,Republican,,,Well Qualified,WAWD0702, ,,2002-01-23,2002-01-23,2002-10-07,Reported (favorably),2002-10-08,Voice,  ,2002-11-14,2002-11-26,,,,,2019-02-28,,,,,,,,,,,,,,,,,,,,,,,,,,,,,,,,,,,,,,,,,,,,,,,,,,,,,,,,,,,,,,,,,,,,,,,,,,,,,,,,,,,,,,,,,,,,,,,,,,,,,,,,,,,,,,,,,,,,,,,,,,,,,,,,,,,,,,,,,,,,,,Whitworth College,B.A.,1973-01-01,"University of California, Hastings College of the Law",J.D.,1976-01-01,,,,,,,,,,"Private practice, Tacoma, Washington, 1976-2002","Nominated to U.S. District Court for the Western District of Washington, April 30, 1992; no Senate vote",1951-09-30,1677-09-30,Ronald B. Leighton,43,TX,9,W.D. Wash.,09 - WA-W,WA,2019-02-28,128 days 00:46:06.142480000,09-WA-W-07,"['Nominated to U.S. District Court for the Western District of Washington, April 30, 1992']",[],295 days 00:00:00.000000000,5938 days 00:00:00.000000000,,50.317254974434796,50.317254974434796,09 - WA-W,Senior,485,0
1391001,2833,Pechman,Marsha,J., ,9,30,1951,Salem,OR,9,30,1677, , ,Female,White,U.S. District Court,U.S. District Court for the Western District of Washington,Judge,William J. Clinton,Democratic,,,Qualified,WAWD0108, ,,1999-03-24,1999-03-24,1999-07-13,Reported (favorably),1999-07-22,Voice,  ,1999-09-08,1999-09-09,1970-01-01,1970-01-01,,,2016-02-06,,,,,,,,,,,,,,,,,,,,,,,,,,,,,,,,,,,,,,,,,,,,,,,,,,,,,,,,,,,,,,,,,,,,,,,,,,,,,,,,,,,,,,,,,,,,,,,,,,,,,,,,,,,,,,,,,,,,,,,,,,,,,,,,,,,,,,,,,,,,,,Cornell University,B.A.,1973-01-01,Boston University School of Law,J.D.,1976-01-01,,,,,,,,,,"Deputy prosecutor, King County, Washington, 1976-1979; Instructor and staff attorney, University of Washington School of Law, 1979-1981; Private practice, Seattle, Washington, 1981-1988; Adjunct professor, University of Puget Sound, 1983-1987; Judge, Superior Court of the State of Washington, King County, 1988-1999",,1951-09-30,1677-09-30,Marsha J. Pechman,42,AK,9,W.D. Wash.,09 - WA-W,WA,2016-02-06,1246 days 00:46:06.142480000,09-WA-W-01,,,168 days 00:00:00.000000000,5994 days 00:00:00.000000000,,47.4807833151947,47.4807833151947,09 - WA-W,Senior,485,0
1390821,2797,Lasnik,Robert,S., ,9,30,1951,Staten Island,NY,9,30,1677, , ,Male,White,U.S. District Court,U.S. District Court for the Western District of Washington,Judge,William J. Clinton,Democratic,,,Qualified,WAWD0602, ,,1998-05-11,1998-05-11,1998-10-01,Reported (favorably),1998-10-08,Voice,  ,1998-10-21,1998-10-22,1970-01-01,1970-01-01,,,2016-01-27,,,,,,,,,,,,,,,,,,,,,,,,,,,,,,,,,,,,,,,,,,,,,,,,,,,,,,,,,,,,,,,,,,,,,,,,,,,,,,,,,,,,,,,,,,,,,,,,,,,,,,,,,,,,,,,,,,,,,,,,,,,,,,,,,,,,,,,,,,,,,,Brandeis University,A.B.,1972-01-01,Northwestern University,M.S.,1973-01-01,Northwestern University,M.A.,1974-01-01,University of Washington School of Law,J.D.,1978-01-01,,,,"King County [Washington] Prosecutor's Office, 1978-1990; deputy prosecutor, 1978-1981; senior deputy prosecutor, 1981-1983; chief of staff, 1983-1990; Judge, Superior Court of the State of Washington, King County, 1990-1998; Member, Judicial Conference of the United States, 2010-2016",,1951-09-30,1677-09-30,Robert S. Lasnik,42,AK,9,W.D. Wash.,09 - WA-W,WA,2016-01-27,1256 days 00:46:06.142480000,09-WA-W-06,,,163 days 00:00:00.000000000,6306 days 00:00:00.000000000,,46.61286679397934,46.61286679397934,09 - WA-W,Senior,485,0
1383496,1314,Kozinski,Alex, , ,9,30,1950,Bucharest,Romania,9,30,1677, , ,Male,White,U.S. Court of Appeals,U.S. Court of Appeals for the Ninth Circuit,Judge,Ronald Reagan,Republican,,,Qualified,CA92701,98 Stat. 333,,1985-06-05,1985-06-05,1985-07-17,Reported (favorably),1985-09-12,Roll Call, 54/43,1985-11-07,1985-11-07,1970-01-01,1970-01-01,,,,Retirement,2017-12-18,,,,,,,,,,,,,,,,,,,,,,,,,,,,,,,,,,,,,,,,,,,,,,,,,,,,,,,,,,,,,,,,,,,,,,,,,,,,,,,,,,,,,,,,,,,,,,,,,,,,,,,,,,,,,,,,,,,,,,,,,,,,,,,,,,,,,,,,"Trial Judge, Court of Claims, 1982; chief of Trial Division, 1982<br>","Judge, U.S. Claims Court (now U.S. Court of Federal Claims). Nominated by Ronald Reagan on August 10, 1982, to a new seat authorized by 96 Stat. 27. Confirmed by the Senate on August 20, 1982, and received commission on October 1, 1982. Served as chief judge, 1982-1985. Service terminated on February 9, 1985, due to resignation.",,,"University of California, Los Angeles",A.B.,1972-01-01,"University of California, Los Angeles, School of Law",J.D.,1975-01-01,,,,,,,,,,"Law clerk, Hon. Anthony Kennedy, U.S. Court of Appeals for the Ninth Circuit, 1975-1976; Law clerk, Hon. Warren Burger, Supreme Court of the United States, 1976-1977; Private practice, Los Angeles, California, 1977-1979; Private practice, Washington, D.C., 1979-1981; Deputy legal counsel, President-Elect Ronald Reagan, 1980-1981; Assistant counsel, Office of Counsel to the President, 1981; Special counsel, U.S. Merit Systems Protection Board, 1981-1982; Member, Judicial Conference of the United States, 2007-2014",,1950-09-30,1677-09-30,Alex Kozinski,40,CA,9,9th Cir.,09 - CCA,,2017-12-18,565 days 00:46:06.142480000,09-CCA-27,,,155 days 00:00:00.000000000,11729 days 00:00:00.000000000,,34.681068057523426,34.681068057523426,09 - CCA,Retired,0,723
1377706,148,Bell,Robert,Holmes, ,9,30,1944,Lansing,MI,9,30,1677, , ,Male,White,U.S. District Court,U.S. District Court for the Western District of Michigan,Judge,Ronald Reagan,Republican,,,Qualified,MIWD0304, ,,1987-03-11,1987-03-11,1987-06-03,Reported (favorably),1987-06-23,Voice,  ,1987-07-01,1987-07-02,1970-01-01,1970-01-01,,,2017-01-31,,,,,,,,,,,,,,,,,,,,,,,,,,,,,,,,,,,,,,,,,,,,,,,,,,,,,,,,,,,,,,,,,,,,,,,,,,,,,,,,,,,,,,,,,,,,,,,,,,,,,,,,,,,,,,,,,,,,,,,,,,,,,,,,,,,,,,,,,,,,,,"Wheaton College, Illinois",B.A.,1966-01-01,Wayne State University Law School,J.D.,1969-01-01,,,,,,,,,,"Assistant prosecutor, Ingham County, Michigan, 1969-1973; Judge, Ingham County [Michigan] District Court, 1973-1979; Judge, Ingham County [Michigan] Circuit Court, 1979-1987",,1944-09-30,1677-09-30,Robert Holmes Bell,40,CA,6,W.D. Mich.,06 - MI-W,MI,2017-01-31,886 days 00:46:06.142480000,06-MI-W-03,,,112 days 00:00:00.000000000,10806 days 00:00:00.000000000,,42.44303442233585,42.44303442233585,06 - MI-W,Senior,528,0
1387901,2205,Skretny,William,M., ,9,30,1945,Buffalo,NY,9,30,1677, , ,Male,White,U.S. District Court,U.S. District Court for the Western District of New York,Judge,George H.W. Bush,Republican,,,Qualified,NYWD0302, ,,1990-06-12,1990-06-12,1990-07-19,Reported (favorably),1990-07-26,Voice,  ,1990-08-03,1990-08-07,1970-01-01,1970-01-01,,,2015-03-08,,,,,,,,,,,,,,,,,,,,,,,,,,,,,,,,,,,,,,,,,,,,,,,,,,,,,,,,,,,,,,,,,,,,,,,,,,,,,,,,,,,,,,,,,,,,,,,,,,,,,,,,,,,,,,,,,,,,,,,,,,,,,,,,,,,,,,,,,,,,,,Canisius College,A.B.,1966-01-01,Howard University School of Law,J.D.,1969-01-01,Northwestern University School of Law,LL.M.,1972-01-01,,,,,,,"Fellow, Ford Foundation; Assistant U.S. attorney, Northern District of Illinois, 1971-1973; Assistant U.S. attorney, Western District of New York, 1973-1981; first assistant U.S. attorney, 1975-1981; Special counsel, Attorney General's Advocacy Institute, Washington, D.C., 1979; Staff attorney, Office of Special Prosecutor, U.S. Department of Justice, 1980; Private practice, Buffalo, New York, 1981-1983, 1988-1990; First deputy district attorney, Erie County, New York, 1983-1988; Member, Judicial Conference of the United States, 2013-2016",,1945-09-30,1677-09-30,William M. Skretny,41,TX,2,W.D.N.Y.,02 - NY-W,NY,2015-03-08,1581 days 00:46:06.142480000,02-NY-W-03,,,52 days 00:00:00.000000000,8979 days 00:00:00.000000000,,44.69906979609438,44.69906979609438,02 - NY-W,Senior,592,0
1391451,2923,Jorgenson,Cindy,K., ,9,30,1953,Fort Ord,CA,9,30,1677, , ,Female,White,U.S. District Court,U.S. District Court for the District of Arizona,Judge,George W. Bush,Republican,,,Well Qualified,AZD1201,113 Stat. 1501,,2001-09-10,2001-09-10,2002-01-24,Reported (favorably),2002-02-07,Roll Call, 98/0,2002-02-26,2002-03-06,,,,,2018-04-06,,,,,,,,,,,,,,,,,,,,,,,,,,,,,,,,,,,,,,,,,,,,,,,,,,,,,,,,,,,,,,,,,,,,,,,,,,,,,,,,,,,,,,,,,,,,,,,,,,,,,,,,,,,,,,,,,,,,,,,,,,,,,,,,,,,,,,,,,,,,,,University of Arizona,B.S.,1974-01-01,University of Arizona College of Law,J.D.,1977-01-01,,,,,,,,,,"Deputy county attorney, Pima County, Arizona, 1977-1986; Assistant U.S. attorney, District of Arizona, 1986-1996; Judge, Superior Court of Arizona, Pima County, 1996-2002",,1953-09-30,1677-09-30,Cindy K. Jorgenson,43,TX,9,D. Ariz.,09 - AZ,AZ,2018-04-06,456 days 00:46:06.142480000,09-AZ-12,,,169 days 00:00:00.000000000,5875 days 00:00:00.000000000,,47.94622750638275,47.94622750638275,09 - AZ,Senior,703,0
1391891,3011,Campbell,David,G., ,9,30,1952,Salt Lake City,UT,9,30,1677, , ,Male,White,U.S. District Court,U.S. District Court for the District of Arizona,Judge,George W. Bush,Republican,,,Well Qualified,AZD1401,116 Stat. 1758,,2003-03-13,2003-03-13,2003-05-07,Reported (favorably),2003-06-12,Roll Call, 92/0,2003-07-08,2003-07-15,,,,,2018-07-31,,,,,,,,,,,,,,,,,,,,,,,,,,,,,,,,,,,,,,,,,,,,,,,,,,,,,,,,,,,,,,,,,,,,,,,,,,,,,,,,,,,,,,,,,,,,,,,,,,,,,,,,,,,,,,,,,,,,,,,,,,,,,,,,,,,,,,,,,,,,,,University of Utah,B.S.,1976-01-01,University of Utah College of Law,J.D.,1979-01-01,,,,,,,,,,"Law clerk, Hon. J. Clifford Wallace, U.S. Court of Appeals for the Ninth Circuit, 1979-1980; Private practice, 1980-1981; Law clerk, Hon. William H. Rehnquist, Supreme Court of the United States, 1982; Private practice, Phoenix, Arizona, 1982-2003; Adjunct professor, Arizona State University Law School, 1985-1986, 1988; Visiting professor, Brigham Young University, 1990",,1952-09-30,1677-09-30,David G. Campbell,43,TX,9,D. Ariz.,09 - AZ,AZ,2018-07-31,340 days 00:46:06.142480000,09-AZ-14,,,117 days 00:00:00.000000000,5495 days 00:00:00.000000000,,50.44867451077024,50.44867451077024,09 - AZ,Senior,703,0
1390741,2781,Collins,Raner,Christercunean, ,9,30,1952,Malvern,AR,9,30,1677, , ,Male,AfriAmerican,U.S. District Court,U.S. District Court for the District of Arizona,Judge,William J. Clinton,Democratic,,,Qualified,AZD0108, ,,1998-05-11,1998-05-11,1998-06-18,Reported (favorably),1998-06-25,Voice,  ,1998-07-31,1998-08-03,1970-01-01,1970-01-01,,,2019-03-04,,,,,,,,,,,,,,,,,,,,,,,,,,,,,,,,,,,,,,,,,,,,,,,,,,,,,,,,,,,,,,,,,,,,,,,,,,,,,,,,,,,,,,,,,,,,,,,,,,,,,,,,,,,,,,,,,,,,,,,,,,,,,,,,,,,,,,,,,,,,,,Arkansas Polytechnic College (now Arkansas Tech University),B.A.,1973-01-01,University of Arizona College of Law,J.D.,1975-01-01,,,,,,,,,,"Pima County [Arizona] Attorney's Office, 1975-1981; law clerk, 1975-1976; trial attorney, 1976-1981; Magistrate, Tucson [Arizona] City Court, 1981-1983; County attorney, Pima County, Arizona, 1983-1985; Judge pro tem, Superior Court of Arizona, Pima County, 1985-1988; Judge, Superior Court of Arizona, Pima County, 1988-1998",,1952-09-30,1677-09-30,Raner Christercunean Collins,42,AK,9,D. Ariz.,09 - AZ,AZ,2019-03-04,124 days 00:46:06.142480000,09-AZ-01,,,81 days 00:00:00.000000000,7518 days 00:00:00.000000000,,45.61079282942155,45.61079282942155,09 - AZ,Senior,703,0
1385161,1649,Miller,Robert,Lowell,Jr.,9,30,1950,South Bend,IN,9,30,1677, , ,Male,White,U.S. District Court,U.S. District Court for the Northern District of Indiana,Judge,Ronald Reagan,Republican,,,Qualified,INND0501,98 Stat. 333,,1985-10-23,1985-10-23,1985-11-14,Reported (favorably),1985-12-05,Voice,  ,1985-12-16,1985-12-17,1970-01-01,1970-01-01,,,2016-01-11,,,,,,,,,,,,,,,,,,,,,,,,,,,,,,,,,,,,,,,,,,,,,,,,,,,,,,,,,,,,,,,,,,,,,,,,,,,,,,,,,,,,,,,,,,,,,,,,,,,,,,,,,,,,,,,,,,,,,,,,,,,,,,,,,,,,,,,,,,,,,,Northwestern University,B.A.,1972-01-01,Indiana University School of Law -- Indianapolis (now McKinney School of Law),J.D.,1975-01-01,,,,,,,,,,"Law clerk, U.S. District Court, Northern District of Indiana, 1975; Judge, St. Joseph County [Indiana] Superior Court, 1975-1985; Member, Judicial Conference of the United States, 1998-2000; Member, U.S. Judicial Panel on Multidistrict Litigation, 2003-2010",,1950-09-30,1677-09-30,"Robert Lowell Miller, Jr.",40,CA,7,N.D. Ind.,07 - IN-N,IN,2016-01-11,1272 days 00:46:06.142480000,07-IN-N-05,,,54 days 00:00:00.000000000,10982 days 00:00:00.000000000,,35.064375038501815,35.064375038501815,07 - IN-N,Senior,469,0
1386756,1973,Real,Manuel,Lawrence, ,1,27,1924,San Pedro,CA,6,26,2019,Rancho Palos Verdes, CA,Male,Hispanic,U.S. District Court,U.S. District Court for the Central District of California,Judge,Lyndon B. Johnson,Democratic,,,Qualified,CACD1201,80 Stat. 75,,1966-09-26,1966-09-26,1966-10-06,Reported (favorably),1966-10-20,Voice,  ,1966-10-20,1966-11-03,1970-01-01,1970-01-01,,,2018-11-04,Death,2019-06-26,,,,,,,,,,,,,,,,,,,,,,,,,,,,,,,,,,,,,,,,,,,,,,,,,,,,,,,,,,,,,,,,,,,,,,,,,,,,,,,,,,,,,,,,,,,,,,,,,,,,,,,,,,,,,,,,,,,,,,,,,,,,,,,,,,,,,,,,,,,,University of Southern California,B.S.,1948-01-01,"Loyola Law School, Los Angeles, California",LL.B.,1951-01-01,,,,,,,,,,"U.S. Naval Reserve, 1943-1945; Assistant U.S. attorney, Southern District of California, 1952-1955; Private practice, San Pedro, California, 1955-1964; U.S. attorney for the Southern District of California, 1964-1966; Member, Judicial Conference of the United States, 1981-1984",,1924-01-27,2019-06-26,Manuel Lawrence Real,36,TX,9,C.D. Cal.,09 - CA-C,CA,2019-06-26,10 days 00:46:06.142480000,09-CA-C-12,,,24 days 00:00:00.000000000,19228 days 00:00:00.000000000,,42.664804889901916,42.664804889901916,09 - CA-C,Senior,650,0
1391776,2988,Otero,S.,James, ,9,30,1951,Los Angeles,CA,9,30,1677, , ,Male,Hispanic,U.S. District Court,U.S. District Court for the Central District of California,Judge,George W. Bush,Republican,,,Well Qualified,CACD2502, ,,2003-01-07,2003-01-07,2003-01-29,Reported (favorably),2003-02-06,Roll Call, 94/0,2003-02-10,2003-02-12,,,,,2018-12-30,,,,,,,,,,,,,,,,,,,,,,,,,,,,,,,,,,,,,,,,,,,,,,,,,,,,,,,,,,,,,,,,,,,,,,,,,,,,,,,,,,,,,,,,,,,,,,,,,,,,,,,,,,,,,,,,,,,,,,,,,,,,,,,,,,,,,,,,,,,,,,"California State University, Northridge",B.A.,1973-01-01,Stanford Law School,J.D.,1976-01-01,,,,,,,,,,"Law clerk and attorney, Office of the City Attorney, Los Angeles, California, 1976-1987; Regional counsel, Southern Pacific Transportation Co., 1987-1988; Judge, Los Angeles [California] Municipal Court, 1988-1990; Judge, Superior Court of California, County of Los Angeles, 1990-2003","Nominated to U.S. District Court for the Central District of California, July 18, 2002; no Senate vote",1951-09-30,1677-09-30,S. James Otero,43,TX,9,C.D. Cal.,09 - CA-C,CA,2018-12-30,188 days 00:46:06.142480000,09-CA-C-25,"['Nominated to U.S. District Court for the Central District of California, July 18, 2002']",[],34 days 00:00:00.000000000,5800 days 00:00:00.000000000,,51.27278451987378,51.27278451987378,09 - CA-C,Senior,650,0
1390571,2747,Snyder,Christina,A., ,9,30,1947,Los Angeles,CA,9,30,1677, , ,Female,White,U.S. District Court,U.S. District Court for the Central District of California,Judge,William J. Clinton,Democratic,,,Qualified,CACD0104, ,,1997-01-07,1997-01-07,1997-07-22,Reported (favorably),1997-09-18,Roll Call, 93/6,1997-11-07,1997-11-10,,,,,2016-11-23,,,,,,,,,,,,,,,,,,,,,,,,,,,,,,,,,,,,,,,,,,,,,,,,,,,,,,,,,,,,,,,,,,,,,,,,,,,,,,,,,,,,,,,,,,,,,,,,,,,,,,,,,,,,,,,,,,,,,,,,,,,,,,,,,,,,,,,,,,,,,,Pomona College,B.A.,1969-01-01,Stanford Law School,J.D.,1972-01-01,,,,,,,,,,"Private practice, California, 1972-1997","Nominated to U.S. District Court for the Central District of California, May 15, 1996; no Senate vote",1947-09-30,1677-09-30,Christina A. Snyder,42,AK,9,C.D. Cal.,09 - CA-C,CA,2016-11-23,955 days 00:46:06.142480000,09-CA-C-01,"['Nominated to U.S. District Court for the Central District of California, May 15, 1996']",[],304 days 00:00:00.000000000,6953 days 00:00:00.000000000,,49.27411240477217,49.27411240477217,09 - CA-C,Senior,650,0
1390601,2753,Morrow,Margaret,M., ,9,30,1950,Columbus,NE,9,30,1677, , ,Female,White,U.S. District Court,U.S. District Court for the Central District of California,Judge,William J. Clinton,Democratic,,,Well Qualified,CACD0803, ,,1997-01-07,1997-01-07,1997-03-18,Reported (favorably),1997-06-12,Roll Call, 67/28,1998-02-11,1998-02-24,,,,,2015-10-29,Retirement,2016-01-06,,,,,,,,,,,,,,,,,,,,,,,,,,,,,,,,,,,,,,,,,,,,,,,,,,,,,,,,,,,,,,,,,,,,,,,,,,,,,,,,,,,,,,,,,,,,,,,,,,,,,,,,,,,,,,,,,,,,,,,,,,,,,,,,,,,,,,,,,,,,Bryn Mawr College,A.B.,1971-01-01,Harvard Law School,J.D.,1974-01-01,,,,,,,,,,"Private practice, Los Angeles, California, 1974-1998; President and CEO, Public Counsel, Los Angeles, California, 2016-","Nominated to U.S. District Court for the Central District of California, May 9, 1996; no Senate vote",1950-09-30,1677-09-30,Margaret M. Morrow,42,AK,9,C.D. Cal.,09 - CA-C,CA,2016-01-06,1277 days 00:46:06.142480000,09-CA-C-08,"['Nominated to U.S. District Court for the Central District of California, May 9, 1996']",[],400 days 00:00:00.000000000,6525 days 00:00:00.000000000,,46.27336632511277,46.27336632511277,09 - CA-C,Senior,650,0
1379356,480,Collins,Audrey,B., ,9,30,1945,Chester,PA,9,30,1677, , ,Female,AfriAmerican,U.S. District Court,U.S. District Court for the Central District of California,Judge,William J. Clinton,Democratic,,,Qualified,CACD1004, ,,1994-01-27,1994-01-27,1994-03-25,Reported (favorably),1994-05-05,Voice,  ,1994-05-06,1994-05-09,1970-01-01,1970-01-01,,,,Retirement,2014-08-01,,,,,,,,,,,,,,,,,,,,,,,,,,,,,,,,,,,,,,,,,,,,,,,,,,,,,,,,,,,,,,,,,,,,,,,,,,,,,,,,,,,,,,,,,,,,,,,,,,,,,,,,,,,,,,,,,,,,,,,,,,,,,,,,,,,,,,,,,,,,Howard University,B.A.,1967-01-01,AmeriUniversity,M.A.,1969-01-01,"University of California, Los Angeles, School of Law",J.D.,1977-01-01,,,,,,,"Assistant attorney, Legal Aid Foundation of Los Angeles, California, 1977; Deputy district attorney, Los Angeles County, California, 1978-1994; head deputy, Torrance Branch Office, 1987-1988; assistant director, Bureaus of Central and Special Operations, 1988-1992; assistant district attorney, 1992-1994; Deputy general counsel, Office of the Special Advisor to the Los Angeles [California] Police Department Board of Commissioners, 1992; Associate justice, California Court of Appeal, Second District, 2014-",,1945-09-30,1677-09-30,Audrey B. Collins,42,AK,9,C.D. Cal.,09 - CA-C,CA,2014-08-01,1800 days 00:46:06.142480000,09-CA-C-10,,,99 days 00:00:00.000000000,7389 days 00:00:00.000000000,,48.32679658035415,48.32679658035415,09 - CA-C,Retired,650,0
1386566,1933,Pregerson,Dean,D., ,9,30,1951,Los Angeles,CA,9,30,1677, , ,Male,White,U.S. District Court,U.S. District Court for the Central District of California,Judge,William J. Clinton,Democratic,,,Qualified,CACD1103, ,,1996-01-26,1996-01-26,1996-05-02,Reported (favorably),1996-05-09,Voice,  ,1996-07-24,1996-08-01,,,,,2016-01-28,,,,,,,,,,,,,,,,,,,,,,,,,,,,,,,,,,,,,,,,,,,,,,,,,,,,,,,,,,,,,,,,,,,,,,,,,,,,,,,,,,,,,,,,,,,,,,,,,,,,,,,,,,,,,,,,,,,,,,,,,,,,,,,,,,,,,,,,,,,,,,"University of California, Los Angeles",B.A.,1972-01-01,"University of California, Davis, School of Law",J.D.,1976-01-01,,,,,,,,,,"Parole hearing officer, California Department of Corrections, 1977; Private practice, Ventura, California, 1978; Assistant public defender, Agana, Guam, 1978-1981; Private practice, Agana, Guam, 1982; Private practice, Napa, California, 1982; Private practice, Los Angeles, California, 1983-1985, 1986-1996; Vice president and general counsel, The Torrance Company, California, 1985",,1951-09-30,1677-09-30,Dean D. Pregerson,42,AK,9,C.D. Cal.,09 - CA-C,CA,2016-01-28,1255 days 00:46:06.142480000,09-CA-C-11,,,180 days 00:00:00.000000000,7119 days 00:00:00.000000000,,44.32397653613695,44.32397653613695,09 - CA-C,Senior,650,0
1383326,1280,King,George,H., ,9,30,1951,Shanghai,China,9,30,1677, , ,Male,Asian American,U.S. District Court,U.S. District Court for the Central District of California,Judge,William J. Clinton,Democratic,,,Well Qualified,CACD2701,104 Stat. 5089,,1995-04-27,1995-04-27,1995-06-27,Reported (favorably),1995-06-29,Voice,  ,1995-06-30,1995-06-30,1970-01-01,1970-01-01,,,,Retirement,2017-01-06,,,,,,,,,,,,,,,,,,,,,,,,,,,,,,,,,,,,,,,,,,,,,,,,,,,,,,,,,,,,,,,,,,,,,,,,,,,,,,,,,,,,,,,,,,,,,,,,,,,,,,,,,,,,,,,,,,,,,,,,,,,,,,,,,,,,,,,,"U.S. Magistrate, U.S. District Court for the Central District of California, 1987-1995",,,,"University of California, Los Angeles",A.B.,1971-01-01,University of Southern California Gould School of Law,J.D.,1974-01-01,,,,,,,,,,"Private practice, Los Angeles, California, 1974-1975, 1979-1986; Assistant U.S. attorney, Central District of California, 1975-1979; Hearing examiner, Los Angeles [California] Police Commission, 1980-1982; Mediator, aribtrator, and neutral, JAMS, 2017-",,1951-09-30,1677-09-30,George H. King,42,AK,9,C.D. Cal.,09 - CA-C,CA,2017-01-06,911 days 00:46:06.142480000,09-CA-C-27,,,64 days 00:00:00.000000000,7861 days 00:00:00.000000000,,43.5737900162221,43.5737900162221,09 - CA-C,Retired,650,0
